{"cameraMode":{"drawMode":0,"name":"Shaded","section":"Shading Mode"},"sceneLighting":false,"audioPlay":false,"sceneViewState":{"showFog":true,"showMaterialUpdate":false,"showSkybox":false,"showFlares":true,"showImageEffects":true,"showParticleSystems":true},"in2DMode":false,"pivot":{"x":534.5048217773438,"y":446.52752685546877,"z":-435.2426452636719},"rotation":{"x":-0.06469623744487763,"y":-0.04579049348831177,"z":0.0029717341531068088,"w":-0.9968500137329102},"size":0.8660253882408142,"orthographic":false}